230513_1,北海道,平成23年第２回,9,23,5,13,臨時,平成23年第２回臨時会05月13日-目次,,,,,平成23年第２回臨時会,NULL,NULL,NULL
230513_2,北海道,平成23年第２回,9,23,5,13,臨時,平成23年第２回臨時会05月13日-目次,,,,,平成23年第２回北海道議会臨時会会議録目次,NULL,NULL,NULL
230513_3,北海道,平成23年第２回,9,23,5,13,臨時,平成23年第２回臨時会05月13日-目次,,,,,─────────────────────────────────,NULL,NULL,NULL
230513_4,北海道,平成23年第２回,9,23,5,13,臨時,平成23年第２回臨時会05月13日-目次,,,,,５月13日（金曜日）第１号,NULL,NULL,NULL
230513_5,北海道,平成23年第２回,9,23,5,13,臨時,平成23年第２回臨時会05月13日-目次,,,,,１．議事日程………………………………………………………………… 1,NULL,NULL,NULL
230513_6,北海道,平成23年第２回,9,23,5,13,臨時,平成23年第２回臨時会05月13日-目次,,,,,１．本日の会議に付した案件……………………………………………… 1,NULL,NULL,NULL
230513_7,北海道,平成23年第２回,9,23,5,13,臨時,平成23年第２回臨時会05月13日-目次,,,,,１．出席議員………………………………………………………………… 1,NULL,NULL,NULL
230513_8,北海道,平成23年第２回,9,23,5,13,臨時,平成23年第２回臨時会05月13日-目次,,,,,１．出席説明員……………………………………………………………… 2,NULL,NULL,NULL
230513_9,北海道,平成23年第２回,9,23,5,13,臨時,平成23年第２回臨時会05月13日-目次,,,,,１．議会事務局職員出席者………………………………………………… 3,NULL,NULL,NULL
230513_10,北海道,平成23年第２回,9,23,5,13,臨時,平成23年第２回臨時会05月13日-目次,,,,,１．議会事務局長の発言…………………………………………………… 3,NULL,NULL,NULL
230513_11,北海道,平成23年第２回,9,23,5,13,臨時,平成23年第２回臨時会05月13日-目次,,,,,１．臨時議長のあいさつ…………………………………………………… 3,NULL,NULL,NULL
230513_12,北海道,平成23年第２回,9,23,5,13,臨時,平成23年第２回臨時会05月13日-目次,,,,,１．開会……………………………………………………………………… 4,NULL,NULL,NULL
230513_13,北海道,平成23年第２回,9,23,5,13,臨時,平成23年第２回臨時会05月13日-目次,,,,,１．知事のあいさつ………………………………………………………… 4,NULL,NULL,NULL
230513_14,北海道,平成23年第２回,9,23,5,13,臨時,平成23年第２回臨時会05月13日-目次,,,,,１．開議……………………………………………………………………… 4,NULL,NULL,NULL
230513_15,北海道,平成23年第２回,9,23,5,13,臨時,平成23年第２回臨時会05月13日-目次,,,,,１．日程第１、議席の指定………………………………………………… 4,NULL,NULL,NULL
230513_16,北海道,平成23年第２回,9,23,5,13,臨時,平成23年第２回臨時会05月13日-目次,,,,,１．日程第２、会議録署名議員の指定…………………………………… 5,NULL,NULL,NULL
230513_17,北海道,平成23年第２回,9,23,5,13,臨時,平成23年第２回臨時会05月13日-目次,,,,,１．諸般の報告……………………………………………………………… 5,NULL,NULL,NULL
230513_18,北海道,平成23年第２回,9,23,5,13,臨時,平成23年第２回臨時会05月13日-目次,,,,,１．日程第３、会期決定の件（７日間）………………………………… 6,NULL,NULL,NULL
230513_19,北海道,平成23年第２回,9,23,5,13,臨時,平成23年第２回臨時会05月13日-目次,,,,,１．休憩……………………………………………………………………… 6,NULL,NULL,NULL
230513_20,北海道,平成23年第２回,9,23,5,13,臨時,平成23年第２回臨時会05月13日-目次,,,,,─────────────────────────────────,NULL,NULL,NULL
230513_21,北海道,平成23年第２回,9,23,5,13,臨時,平成23年第２回臨時会05月13日-目次,,,,,１．開議……………………………………………………………………… 6,NULL,NULL,NULL
230513_22,北海道,平成23年第２回,9,23,5,13,臨時,平成23年第２回臨時会05月13日-目次,,,,,１．残余の日程の延期……………………………………………………… 6,NULL,NULL,NULL
230513_23,北海道,平成23年第２回,9,23,5,13,臨時,平成23年第２回臨時会05月13日-目次,,,,,１．延会……………………………………………………………………… 6,NULL,NULL,NULL
230513_24,北海道,平成23年第２回,9,23,5,13,臨時,平成23年第２回臨時会05月13日-目次,,,,,─────────────────────────────────,NULL,NULL,NULL
230513_25,北海道,平成23年第２回,9,23,5,13,臨時,平成23年第２回臨時会05月13日-目次,,,,,５月16日（月曜日）第２号,NULL,NULL,NULL
230513_26,北海道,平成23年第２回,9,23,5,13,臨時,平成23年第２回臨時会05月13日-目次,,,,,１．議事日程………………………………………………………………… 7,NULL,NULL,NULL
230513_27,北海道,平成23年第２回,9,23,5,13,臨時,平成23年第２回臨時会05月13日-目次,,,,,１．本日の会議に付した案件……………………………………………… 7,NULL,NULL,NULL
230513_28,北海道,平成23年第２回,9,23,5,13,臨時,平成23年第２回臨時会05月13日-目次,,,,,１．出席議員………………………………………………………………… 7,NULL,NULL,NULL
230513_29,北海道,平成23年第２回,9,23,5,13,臨時,平成23年第２回臨時会05月13日-目次,,,,,１．出席説明員……………………………………………………………… 8,NULL,NULL,NULL
230513_30,北海道,平成23年第２回,9,23,5,13,臨時,平成23年第２回臨時会05月13日-目次,,,,,１．議会事務局職員出席者………………………………………………… 9,NULL,NULL,NULL
230513_31,北海道,平成23年第２回,9,23,5,13,臨時,平成23年第２回臨時会05月13日-目次,,,,,１．開議……………………………………………………………………… 9,NULL,NULL,NULL
230513_32,北海道,平成23年第２回,9,23,5,13,臨時,平成23年第２回臨時会05月13日-目次,,,,,１．報告……………………………………………………………………… 9,NULL,NULL,NULL
230513_33,北海道,平成23年第２回,9,23,5,13,臨時,平成23年第２回臨時会05月13日-目次,,,,,１．休憩……………………………………………………………………… 9,NULL,NULL,NULL
230513_34,北海道,平成23年第２回,9,23,5,13,臨時,平成23年第２回臨時会05月13日-目次,,,,,─────────────────────────────────,NULL,NULL,NULL
230513_35,北海道,平成23年第２回,9,23,5,13,臨時,平成23年第２回臨時会05月13日-目次,,,,,１．開議………………………………………………………………………10,NULL,NULL,NULL
230513_36,北海道,平成23年第２回,9,23,5,13,臨時,平成23年第２回臨時会05月13日-目次,,,,,１．日程の延期………………………………………………………………10,NULL,NULL,NULL
230513_37,北海道,平成23年第２回,9,23,5,13,臨時,平成23年第２回臨時会05月13日-目次,,,,,１．延会………………………………………………………………………10,NULL,NULL,NULL
230513_38,北海道,平成23年第２回,9,23,5,13,臨時,平成23年第２回臨時会05月13日-目次,,,,,─────────────────────────────────,NULL,NULL,NULL
230513_39,北海道,平成23年第２回,9,23,5,13,臨時,平成23年第２回臨時会05月13日-目次,,,,,５月17日（火曜日）第３号,NULL,NULL,NULL
230513_40,北海道,平成23年第２回,9,23,5,13,臨時,平成23年第２回臨時会05月13日-目次,,,,,１．議事日程…………………………………………………………………11,NULL,NULL,NULL
230513_41,北海道,平成23年第２回,9,23,5,13,臨時,平成23年第２回臨時会05月13日-目次,,,,,１．本日の会議に付した案件………………………………………………11,NULL,NULL,NULL
230513_42,北海道,平成23年第２回,9,23,5,13,臨時,平成23年第２回臨時会05月13日-目次,,,,,１．出席議員…………………………………………………………………11,NULL,NULL,NULL
230513_43,北海道,平成23年第２回,9,23,5,13,臨時,平成23年第２回臨時会05月13日-目次,,,,,１．出席説明員………………………………………………………………12,NULL,NULL,NULL
230513_44,北海道,平成23年第２回,9,23,5,13,臨時,平成23年第２回臨時会05月13日-目次,,,,,１．議会事務局職員出席者…………………………………………………13,NULL,NULL,NULL
230513_45,北海道,平成23年第２回,9,23,5,13,臨時,平成23年第２回臨時会05月13日-目次,,,,,１．開議………………………………………………………………………13,NULL,NULL,NULL
230513_46,北海道,平成23年第２回,9,23,5,13,臨時,平成23年第２回臨時会05月13日-目次,,,,,１．報告………………………………………………………………………13,NULL,NULL,NULL
230513_47,北海道,平成23年第２回,9,23,5,13,臨時,平成23年第２回臨時会05月13日-目次,,,,,１．日程第１、議長の選挙…………………………………………………13,NULL,NULL,NULL
230513_48,北海道,平成23年第２回,9,23,5,13,臨時,平成23年第２回臨時会05月13日-目次,,,,,１．立会人の指名……………………………………………………………14,NULL,NULL,NULL
230513_49,北海道,平成23年第２回,9,23,5,13,臨時,平成23年第２回臨時会05月13日-目次,,,,,１．議長のあいさつ…………………………………………………………16,NULL,NULL,NULL
230513_50,北海道,平成23年第２回,9,23,5,13,臨時,平成23年第２回臨時会05月13日-目次,,,,,１．日程第２、副議長の選挙………………………………………………17,NULL,NULL,NULL
230513_51,北海道,平成23年第２回,9,23,5,13,臨時,平成23年第２回臨時会05月13日-目次,,,,,１．立会人の指名……………………………………………………………17,NULL,NULL,NULL
230513_52,北海道,平成23年第２回,9,23,5,13,臨時,平成23年第２回臨時会05月13日-目次,,,,,１．副議長のあいさつ………………………………………………………20,NULL,NULL,NULL
230513_53,北海道,平成23年第２回,9,23,5,13,臨時,平成23年第２回臨時会05月13日-目次,,,,,１．散会………………………………………………………………………20,NULL,NULL,NULL
230513_54,北海道,平成23年第２回,9,23,5,13,臨時,平成23年第２回臨時会05月13日-目次,,,,,─────────────────────────────────,NULL,NULL,NULL
230513_55,北海道,平成23年第２回,9,23,5,13,臨時,平成23年第２回臨時会05月13日-目次,,,,,５月18日（水曜日）第４号,NULL,NULL,NULL
230513_56,北海道,平成23年第２回,9,23,5,13,臨時,平成23年第２回臨時会05月13日-目次,,,,,１．議事日程…………………………………………………………………21,NULL,NULL,NULL
230513_57,北海道,平成23年第２回,9,23,5,13,臨時,平成23年第２回臨時会05月13日-目次,,,,,１．本日の会議に付した案件………………………………………………21,NULL,NULL,NULL
230513_58,北海道,平成23年第２回,9,23,5,13,臨時,平成23年第２回臨時会05月13日-目次,,,,,１．出席議員・欠席議員……………………………………………………21,NULL,NULL,NULL
230513_59,北海道,平成23年第２回,9,23,5,13,臨時,平成23年第２回臨時会05月13日-目次,,,,,１．出席説明員………………………………………………………………22,NULL,NULL,NULL
230513_60,北海道,平成23年第２回,9,23,5,13,臨時,平成23年第２回臨時会05月13日-目次,,,,,１．議会事務局職員出席者…………………………………………………23,NULL,NULL,NULL
230513_61,北海道,平成23年第２回,9,23,5,13,臨時,平成23年第２回臨時会05月13日-目次,,,,,１．開議………………………………………………………………………23,NULL,NULL,NULL
230513_62,北海道,平成23年第２回,9,23,5,13,臨時,平成23年第２回臨時会05月13日-目次,,,,,１．報告………………………………………………………………………23,NULL,NULL,NULL
230513_63,北海道,平成23年第２回,9,23,5,13,臨時,平成23年第２回臨時会05月13日-目次,,,,,１．日程第１、議席の一部変更の件………………………………………24,NULL,NULL,NULL
230513_64,北海道,平成23年第２回,9,23,5,13,臨時,平成23年第２回臨時会05月13日-目次,,,,,１．日程第２、常任委員の選任……………………………………………24,NULL,NULL,NULL
230513_65,北海道,平成23年第２回,9,23,5,13,臨時,平成23年第２回臨時会05月13日-目次,,,,,１．日程第３、議会運営委員の選任………………………………………24,NULL,NULL,NULL
230513_66,北海道,平成23年第２回,9,23,5,13,臨時,平成23年第２回臨時会05月13日-目次,,,,,１．日程第４、決議案第１号ないし第６号………………………………25,NULL,NULL,NULL
230513_67,北海道,平成23年第２回,9,23,5,13,臨時,平成23年第２回臨時会05月13日-目次,,,,,（決議案第１号ないし第６号の説明及び委員会,NULL,NULL,NULL
230513_68,北海道,平成23年第２回,9,23,5,13,臨時,平成23年第２回臨時会05月13日-目次,,,,,付託省略、原案可決）…………………………………………………25,NULL,NULL,NULL
230513_69,北海道,平成23年第２回,9,23,5,13,臨時,平成23年第２回臨時会05月13日-目次,,,,,１．日程第５、特別委員の選任……………………………………………25,NULL,NULL,NULL
230513_70,北海道,平成23年第２回,9,23,5,13,臨時,平成23年第２回臨時会05月13日-目次,,,,,１．日程第６、議案第１号…………………………………………………26,NULL,NULL,NULL
230513_71,北海道,平成23年第２回,9,23,5,13,臨時,平成23年第２回臨時会05月13日-目次,,,,,●高橋知事（議案第１号に関する説明）………………………………26,NULL,NULL,NULL
230513_72,北海道,平成23年第２回,9,23,5,13,臨時,平成23年第２回臨時会05月13日-目次,,,,,１．議案の総合政策委員会付託……………………………………………26,NULL,NULL,NULL
230513_73,北海道,平成23年第２回,9,23,5,13,臨時,平成23年第２回臨時会05月13日-目次,,,,,１．散会………………………………………………………………………26,NULL,NULL,NULL
230513_74,北海道,平成23年第２回,9,23,5,13,臨時,平成23年第２回臨時会05月13日-目次,,,,,─────────────────────────────────,NULL,NULL,NULL
230513_75,北海道,平成23年第２回,9,23,5,13,臨時,平成23年第２回臨時会05月13日-目次,,,,,５月19日（木曜日）第５号,NULL,NULL,NULL
230513_76,北海道,平成23年第２回,9,23,5,13,臨時,平成23年第２回臨時会05月13日-目次,,,,,１．議事日程…………………………………………………………………27,NULL,NULL,NULL
230513_77,北海道,平成23年第２回,9,23,5,13,臨時,平成23年第２回臨時会05月13日-目次,,,,,１．本日の会議に付した案件………………………………………………27,NULL,NULL,NULL
230513_78,北海道,平成23年第２回,9,23,5,13,臨時,平成23年第２回臨時会05月13日-目次,,,,,１．出席議員・欠席議員……………………………………………………27,NULL,NULL,NULL
230513_79,北海道,平成23年第２回,9,23,5,13,臨時,平成23年第２回臨時会05月13日-目次,,,,,１．出席説明員………………………………………………………………28,NULL,NULL,NULL
230513_80,北海道,平成23年第２回,9,23,5,13,臨時,平成23年第２回臨時会05月13日-目次,,,,,１．議会事務局職員出席者…………………………………………………29,NULL,NULL,NULL
230513_81,北海道,平成23年第２回,9,23,5,13,臨時,平成23年第２回臨時会05月13日-目次,,,,,１．開議………………………………………………………………………29,NULL,NULL,NULL
230513_82,北海道,平成23年第２回,9,23,5,13,臨時,平成23年第２回臨時会05月13日-目次,,,,,１．報告………………………………………………………………………29,NULL,NULL,NULL
230513_83,北海道,平成23年第２回,9,23,5,13,臨時,平成23年第２回臨時会05月13日-目次,,,,,１．日程第１、議案第１号…………………………………………………32,NULL,NULL,NULL
230513_84,北海道,平成23年第２回,9,23,5,13,臨時,平成23年第２回臨時会05月13日-目次,,,,,●小野寺秀総合政策委員長（議案第１号に関する報告）……………32,NULL,NULL,NULL
230513_85,北海道,平成23年第２回,9,23,5,13,臨時,平成23年第２回臨時会05月13日-目次,,,,,（議案第１号は原案可決）……………………………………………32,NULL,NULL,NULL
230513_86,北海道,平成23年第２回,9,23,5,13,臨時,平成23年第２回臨時会05月13日-目次,,,,,１．日程第２、苫小牧港管理組合議会議員、石狩東部,NULL,NULL,NULL
230513_87,北海道,平成23年第２回,9,23,5,13,臨時,平成23年第２回臨時会05月13日-目次,,,,,広域水道企業団議会議員、石狩湾新港,NULL,NULL,NULL
230513_88,北海道,平成23年第２回,9,23,5,13,臨時,平成23年第２回臨時会05月13日-目次,,,,,管理組合議会議員及び石狩西部広域,NULL,NULL,NULL
230513_89,北海道,平成23年第２回,9,23,5,13,臨時,平成23年第２回臨時会05月13日-目次,,,,,水道企業団議会議員の選挙（議決）……………………32,NULL,NULL,NULL
230513_90,北海道,平成23年第２回,9,23,5,13,臨時,平成23年第２回臨時会05月13日-目次,,,,,１．日程第３、議案第２号…………………………………………………33,NULL,NULL,NULL
230513_91,北海道,平成23年第２回,9,23,5,13,臨時,平成23年第２回臨時会05月13日-目次,,,,,●高橋知事（議案第２号に関する説明）………………………………34,NULL,NULL,NULL
230513_92,北海道,平成23年第２回,9,23,5,13,臨時,平成23年第２回臨時会05月13日-目次,,,,,１．休憩………………………………………………………………………34,NULL,NULL,NULL
230513_93,北海道,平成23年第２回,9,23,5,13,臨時,平成23年第２回臨時会05月13日-目次,,,,,─────────────────────────────────,NULL,NULL,NULL
230513_94,北海道,平成23年第２回,9,23,5,13,臨時,平成23年第２回臨時会05月13日-目次,,,,,１．開議………………………………………………………………………34,NULL,NULL,NULL
230513_95,北海道,平成23年第２回,9,23,5,13,臨時,平成23年第２回臨時会05月13日-目次,,,,,１．質疑………………………………………………………………………34,NULL,NULL,NULL
230513_96,北海道,平成23年第２回,9,23,5,13,臨時,平成23年第２回臨時会05月13日-目次,,,,,●松浦宗信議員……………………………………………………………34,NULL,NULL,NULL
230513_97,北海道,平成23年第２回,9,23,5,13,臨時,平成23年第２回臨時会05月13日-目次,,,,,１．議案第２号に関する質疑,NULL,NULL,NULL
230513_98,北海道,平成23年第２回,9,23,5,13,臨時,平成23年第２回臨時会05月13日-目次,,,,,●高橋知事…………………………………………………………………38,NULL,NULL,NULL
230513_99,北海道,平成23年第２回,9,23,5,13,臨時,平成23年第２回臨時会05月13日-目次,,,,,●稲村久男議員……………………………………………………………41,NULL,NULL,NULL
230513_100,北海道,平成23年第２回,9,23,5,13,臨時,平成23年第２回臨時会05月13日-目次,,,,,１．議案第２号に関する質疑,NULL,NULL,NULL
230513_101,北海道,平成23年第２回,9,23,5,13,臨時,平成23年第２回臨時会05月13日-目次,,,,,●高橋知事…………………………………………………………………43,NULL,NULL,NULL
230513_102,北海道,平成23年第２回,9,23,5,13,臨時,平成23年第２回臨時会05月13日-目次,,,,,●包國嘉介議員……………………………………………………………47,NULL,NULL,NULL
230513_103,北海道,平成23年第２回,9,23,5,13,臨時,平成23年第２回臨時会05月13日-目次,,,,,１．議案第２号に関する質疑,NULL,NULL,NULL
230513_104,北海道,平成23年第２回,9,23,5,13,臨時,平成23年第２回臨時会05月13日-目次,,,,,●高橋知事…………………………………………………………………50,NULL,NULL,NULL
230513_105,北海道,平成23年第２回,9,23,5,13,臨時,平成23年第２回臨時会05月13日-目次,,,,,●金岩武吉議員……………………………………………………………53,NULL,NULL,NULL
230513_106,北海道,平成23年第２回,9,23,5,13,臨時,平成23年第２回臨時会05月13日-目次,,,,,１．議案第２号に関する質疑,NULL,NULL,NULL
230513_107,北海道,平成23年第２回,9,23,5,13,臨時,平成23年第２回臨時会05月13日-目次,,,,,●高橋知事…………………………………………………………………56,NULL,NULL,NULL
230513_108,北海道,平成23年第２回,9,23,5,13,臨時,平成23年第２回臨時会05月13日-目次,,,,,●山崎泉議員………………………………………………………………57,NULL,NULL,NULL
230513_109,北海道,平成23年第２回,9,23,5,13,臨時,平成23年第２回臨時会05月13日-目次,,,,,１．議案第２号に関する質疑,NULL,NULL,NULL
230513_110,北海道,平成23年第２回,9,23,5,13,臨時,平成23年第２回臨時会05月13日-目次,,,,,●高橋知事…………………………………………………………………58,NULL,NULL,NULL
230513_111,北海道,平成23年第２回,9,23,5,13,臨時,平成23年第２回臨時会05月13日-目次,,,,,●真下紀子議員……………………………………………………………59,NULL,NULL,NULL
230513_112,北海道,平成23年第２回,9,23,5,13,臨時,平成23年第２回臨時会05月13日-目次,,,,,１．議案第２号に関する質疑,NULL,NULL,NULL
230513_113,北海道,平成23年第２回,9,23,5,13,臨時,平成23年第２回臨時会05月13日-目次,,,,,●高橋知事…………………………………………………………………61,NULL,NULL,NULL
230513_114,北海道,平成23年第２回,9,23,5,13,臨時,平成23年第２回臨時会05月13日-目次,,,,,１．質疑の終結………………………………………………………………63,NULL,NULL,NULL
230513_115,北海道,平成23年第２回,9,23,5,13,臨時,平成23年第２回臨時会05月13日-目次,,,,,（議案第２号の委員会付託省略、原案可決）………………………64,NULL,NULL,NULL
230513_116,北海道,平成23年第２回,9,23,5,13,臨時,平成23年第２回臨時会05月13日-目次,,,,,１．日程第４、議案第３号…………………………………………………64,NULL,NULL,NULL
230513_117,北海道,平成23年第２回,9,23,5,13,臨時,平成23年第２回臨時会05月13日-目次,,,,,●高橋知事（議案第３号に関する説明）………………………………64,NULL,NULL,NULL
230513_118,北海道,平成23年第２回,9,23,5,13,臨時,平成23年第２回臨時会05月13日-目次,,,,,（議案第３号の委員会付託省略、同意議決）………………………64,NULL,NULL,NULL
230513_119,北海道,平成23年第２回,9,23,5,13,臨時,平成23年第２回臨時会05月13日-目次,,,,,１．閉会中事務継続調査の件（議決）……………………………………64,NULL,NULL,NULL
230513_120,北海道,平成23年第２回,9,23,5,13,臨時,平成23年第２回臨時会05月13日-目次,,,,,１．閉会………………………………………………………………………65,NULL,NULL,NULL
230513_121,北海道,平成23年第２回,9,23,5,13,臨時,平成23年第２回臨時会05月13日-01号,,,,,平成23年第２回臨時会,NULL,NULL,NULL
230513_122,北海道,平成23年第２回,9,23,5,13,臨時,平成23年第２回臨時会05月13日-01号,,,,,平成,NULL,NULL,NULL
230513_123,北海道,平成23年第２回,9,23,5,13,臨時,平成23年第２回臨時会05月13日-01号,,,,,第２回北海道議会臨時会会議録,NULL,NULL,NULL
230513_124,北海道,平成23年第２回,9,23,5,13,臨時,平成23年第２回臨時会05月13日-01号,,,,,23年　　　　　　　　　　　　　　　　　　　第１号,NULL,NULL,NULL
230513_125,北海道,平成23年第２回,9,23,5,13,臨時,平成23年第２回臨時会05月13日-01号,,,,,─────────────────────────────────,NULL,NULL,NULL
230513_126,北海道,平成23年第２回,9,23,5,13,臨時,平成23年第２回臨時会05月13日-01号,,,,,平成23年５月13日（金曜日）,NULL,NULL,NULL
230513_127,北海道,平成23年第２回,9,23,5,13,臨時,平成23年第２回臨時会05月13日-01号,,,,,─────────────────────────────────,NULL,NULL,NULL
230513_128,北海道,平成23年第２回,9,23,5,13,臨時,平成23年第２回臨時会05月13日-01号,,,,,議事日程　第１号,NULL,NULL,NULL
230513_129,北海道,平成23年第２回,9,23,5,13,臨時,平成23年第２回臨時会05月13日-01号,,,,,５月13日午前10時開議,NULL,NULL,NULL
230513_130,北海道,平成23年第２回,9,23,5,13,臨時,平成23年第２回臨時会05月13日-01号,,,,,日程第１、議席の指定,NULL,NULL,NULL
230513_131,北海道,平成23年第２回,9,23,5,13,臨時,平成23年第２回臨時会05月13日-01号,,,,,日程第２、会議録署名議員の指定,NULL,NULL,NULL
230513_132,北海道,平成23年第２回,9,23,5,13,臨時,平成23年第２回臨時会05月13日-01号,,,,,日程第３、会期決定の件,NULL,NULL,NULL
230513_133,北海道,平成23年第２回,9,23,5,13,臨時,平成23年第２回臨時会05月13日-01号,,,,,日程第４、議長の選挙,NULL,NULL,NULL
230513_134,北海道,平成23年第２回,9,23,5,13,臨時,平成23年第２回臨時会05月13日-01号,,,,,日程第５、副議長の選挙,NULL,NULL,NULL
230513_135,北海道,平成23年第２回,9,23,5,13,臨時,平成23年第２回臨時会05月13日-01号,,,,,─────────────────────────────────,NULL,NULL,NULL
230513_136,北海道,平成23年第２回,9,23,5,13,臨時,平成23年第２回臨時会05月13日-01号,,,,,●本日の会議に付した案件,NULL,NULL,NULL
230513_137,北海道,平成23年第２回,9,23,5,13,臨時,平成23年第２回臨時会05月13日-01号,,,,,１．日程第１から日程第３,NULL,NULL,NULL
230513_138,北海道,平成23年第２回,9,23,5,13,臨時,平成23年第２回臨時会05月13日-01号,,,,,１．残余の日程の延期,NULL,NULL,NULL
230513_139,北海道,平成23年第２回,9,23,5,13,臨時,平成23年第２回臨時会05月13日-01号,,,,,─────────────────────────────────,NULL,NULL,NULL
230513_140,北海道,平成23年第２回,9,23,5,13,臨時,平成23年第２回臨時会05月13日-01号,,,,,出席議員（104人）,NULL,NULL,NULL
230513_141,北海道,平成23年第２回,9,23,5,13,臨時,平成23年第２回臨時会05月13日-01号,,,,,臨時議長 　94番　　工藤敏郎君,NULL,NULL,NULL
230513_142,北海道,平成23年第２回,9,23,5,13,臨時,平成23年第２回臨時会05月13日-01号,,,,,１番　　川畑　悟君,NULL,NULL,NULL
230513_143,北海道,平成23年第２回,9,23,5,13,臨時,平成23年第２回臨時会05月13日-01号,,,,,２番　　鳥越良孝君,NULL,NULL,NULL
230513_144,北海道,平成23年第２回,9,23,5,13,臨時,平成23年第２回臨時会05月13日-01号,,,,,３番　　荒当聖吾君,NULL,NULL,NULL
230513_145,北海道,平成23年第２回,9,23,5,13,臨時,平成23年第２回臨時会05月13日-01号,,,,,４番　　沖田清志君,NULL,NULL,NULL
230513_146,北海道,平成23年第２回,9,23,5,13,臨時,平成23年第２回臨時会05月13日-01号,,,,,５番　　笹田　浩君,NULL,NULL,NULL
230513_147,北海道,平成23年第２回,9,23,5,13,臨時,平成23年第２回臨時会05月13日-01号,,,,,６番　　松山丈史君,NULL,NULL,NULL
230513_148,北海道,平成23年第２回,9,23,5,13,臨時,平成23年第２回臨時会05月13日-01号,,,,,７番　　向井昭彦君,NULL,NULL,NULL
230513_149,北海道,平成23年第２回,9,23,5,13,臨時,平成23年第２回臨時会05月13日-01号,,,,,８番　　梅尾要一君,NULL,NULL,NULL
230513_150,北海道,平成23年第２回,9,23,5,13,臨時,平成23年第２回臨時会05月13日-01号,,,,,９番　　笠井龍司君,NULL,NULL,NULL
230513_151,北海道,平成23年第２回,9,23,5,13,臨時,平成23年第２回臨時会05月13日-01号,,,,,10番　　佐藤禎洋君,NULL,NULL,NULL
230513_152,北海道,平成23年第２回,9,23,5,13,臨時,平成23年第２回臨時会05月13日-01号,,,,,11番　　中野秀敏君,NULL,NULL,NULL
230513_153,北海道,平成23年第２回,9,23,5,13,臨時,平成23年第２回臨時会05月13日-01号,,,,,12番　　野原　薫君,NULL,NULL,NULL
230513_154,北海道,平成23年第２回,9,23,5,13,臨時,平成23年第２回臨時会05月13日-01号,,,,,13番　　花崎　勝君,NULL,NULL,NULL
230513_155,北海道,平成23年第２回,9,23,5,13,臨時,平成23年第２回臨時会05月13日-01号,,,,,14番　　三好　雅君,NULL,NULL,NULL
230513_156,北海道,平成23年第２回,9,23,5,13,臨時,平成23年第２回臨時会05月13日-01号,,,,,15番　　村木　中君,NULL,NULL,NULL
230513_157,北海道,平成23年第２回,9,23,5,13,臨時,平成23年第２回臨時会05月13日-01号,,,,,16番　　吉川隆雅君,NULL,NULL,NULL
230513_158,北海道,平成23年第２回,9,23,5,13,臨時,平成23年第２回臨時会05月13日-01号,,,,,17番　　吉田祐樹君,NULL,NULL,NULL
230513_159,北海道,平成23年第２回,9,23,5,13,臨時,平成23年第２回臨時会05月13日-01号,,,,,18番　　北原秀一郎君,NULL,NULL,NULL
230513_160,北海道,平成23年第２回,9,23,5,13,臨時,平成23年第２回臨時会05月13日-01号,,,,,19番　　佐々木俊雄君,NULL,NULL,NULL
230513_161,北海道,平成23年第２回,9,23,5,13,臨時,平成23年第２回臨時会05月13日-01号,,,,,20番　　高木宏壽君,NULL,NULL,NULL
230513_162,北海道,平成23年第２回,9,23,5,13,臨時,平成23年第２回臨時会05月13日-01号,,,,,21番　　市橋修治君,NULL,NULL,NULL
230513_163,北海道,平成23年第２回,9,23,5,13,臨時,平成23年第２回臨時会05月13日-01号,,,,,22番　　稲村久男君,NULL,NULL,NULL
230513_164,北海道,平成23年第２回,9,23,5,13,臨時,平成23年第２回臨時会05月13日-01号,,,,,23番　　梶谷大志君,NULL,NULL,NULL
230513_165,北海道,平成23年第２回,9,23,5,13,臨時,平成23年第２回臨時会05月13日-01号,,,,,24番　　北口雄幸君,NULL,NULL,NULL
230513_166,北海道,平成23年第２回,9,23,5,13,臨時,平成23年第２回臨時会05月13日-01号,,,,,25番　　小林郁子君,NULL,NULL,NULL
230513_167,北海道,平成23年第２回,9,23,5,13,臨時,平成23年第２回臨時会05月13日-01号,,,,,26番　　佐藤伸弥君,NULL,NULL,NULL
230513_168,北海道,平成23年第２回,9,23,5,13,臨時,平成23年第２回臨時会05月13日-01号,,,,,27番　　安藤邦夫君,NULL,NULL,NULL
230513_169,北海道,平成23年第２回,9,23,5,13,臨時,平成23年第２回臨時会05月13日-01号,,,,,28番　　志賀谷　隆君,NULL,NULL,NULL
230513_170,北海道,平成23年第２回,9,23,5,13,臨時,平成23年第２回臨時会05月13日-01号,,,,,29番　　山崎　泉君,NULL,NULL,NULL
230513_171,北海道,平成23年第２回,9,23,5,13,臨時,平成23年第２回臨時会05月13日-01号,,,,,30番　　真下紀子君,NULL,NULL,NULL
230513_172,北海道,平成23年第２回,9,23,5,13,臨時,平成23年第２回臨時会05月13日-01号,,,,,31番　　八田信之君,NULL,NULL,NULL
230513_173,北海道,平成23年第２回,9,23,5,13,臨時,平成23年第２回臨時会05月13日-01号,,,,,32番　　吉井　透君,NULL,NULL,NULL
230513_174,北海道,平成23年第２回,9,23,5,13,臨時,平成23年第２回臨時会05月13日-01号,,,,,33番　　包國嘉介君,NULL,NULL,NULL
230513_175,北海道,平成23年第２回,9,23,5,13,臨時,平成23年第２回臨時会05月13日-01号,,,,,34番　　中山智康君,NULL,NULL,NULL
230513_176,北海道,平成23年第２回,9,23,5,13,臨時,平成23年第２回臨時会05月13日-01号,,,,,35番　　橋本豊行君,NULL,NULL,NULL
230513_177,北海道,平成23年第２回,9,23,5,13,臨時,平成23年第２回臨時会05月13日-01号,,,,,36番　　広田まゆみ君,NULL,NULL,NULL
230513_178,北海道,平成23年第２回,9,23,5,13,臨時,平成23年第２回臨時会05月13日-01号,,,,,37番　　道下大樹君,NULL,NULL,NULL
230513_179,北海道,平成23年第２回,9,23,5,13,臨時,平成23年第２回臨時会05月13日-01号,,,,,38番　　池田隆一君,NULL,NULL,NULL
230513_180,北海道,平成23年第２回,9,23,5,13,臨時,平成23年第２回臨時会05月13日-01号,,,,,39番　　勝部賢志君,NULL,NULL,NULL
230513_181,北海道,平成23年第２回,9,23,5,13,臨時,平成23年第２回臨時会05月13日-01号,,,,,40番　　北　準一君,NULL,NULL,NULL
230513_182,北海道,平成23年第２回,9,23,5,13,臨時,平成23年第２回臨時会05月13日-01号,,,,,41番　　須田靖子君,NULL,NULL,NULL
230513_183,北海道,平成23年第２回,9,23,5,13,臨時,平成23年第２回臨時会05月13日-01号,,,,,42番　　田中芳憲君,NULL,NULL,NULL
230513_184,北海道,平成23年第２回,9,23,5,13,臨時,平成23年第２回臨時会05月13日-01号,,,,,43番　　道見重信君,NULL,NULL,NULL
230513_185,北海道,平成23年第２回,9,23,5,13,臨時,平成23年第２回臨時会05月13日-01号,,,,,44番　　冨原　亮君,NULL,NULL,NULL
230513_186,北海道,平成23年第２回,9,23,5,13,臨時,平成23年第２回臨時会05月13日-01号,,,,,45番　　八田盛茂君,NULL,NULL,NULL
230513_187,北海道,平成23年第２回,9,23,5,13,臨時,平成23年第２回臨時会05月13日-01号,,,,,46番　　堀井　学君,NULL,NULL,NULL
230513_188,北海道,平成23年第２回,9,23,5,13,臨時,平成23年第２回臨時会05月13日-01号,,,,,47番　　松浦宗信君,NULL,NULL,NULL
230513_189,北海道,平成23年第２回,9,23,5,13,臨時,平成23年第２回臨時会05月13日-01号,,,,,48番　　東　国幹君,NULL,NULL,NULL
230513_190,北海道,平成23年第２回,9,23,5,13,臨時,平成23年第２回臨時会05月13日-01号,,,,,49番　　石塚正寛君,NULL,NULL,NULL
230513_191,北海道,平成23年第２回,9,23,5,13,臨時,平成23年第２回臨時会05月13日-01号,,,,,50番　　内海英〓ｺ君,NULL,NULL,NULL
230513_192,北海道,平成23年第２回,9,23,5,13,臨時,平成23年第２回臨時会05月13日-01号,,,,,51番　　大崎誠子君,NULL,NULL,NULL
230513_193,北海道,平成23年第２回,9,23,5,13,臨時,平成23年第２回臨時会05月13日-01号,,,,,52番　　小野寺　秀君,NULL,NULL,NULL
230513_194,北海道,平成23年第２回,9,23,5,13,臨時,平成23年第２回臨時会05月13日-01号,,,,,53番　　小畑保則君,NULL,NULL,NULL
230513_195,北海道,平成23年第２回,9,23,5,13,臨時,平成23年第２回臨時会05月13日-01号,,,,,54番　　角谷隆司君,NULL,NULL,NULL
230513_196,北海道,平成23年第２回,9,23,5,13,臨時,平成23年第２回臨時会05月13日-01号,,,,,55番　　小松　茂君,NULL,NULL,NULL
230513_197,北海道,平成23年第２回,9,23,5,13,臨時,平成23年第２回臨時会05月13日-01号,,,,,56番　　千葉英守君,NULL,NULL,NULL
230513_198,北海道,平成23年第２回,9,23,5,13,臨時,平成23年第２回臨時会05月13日-01号,,,,,57番　　中司哲雄君,NULL,NULL,NULL
230513_199,北海道,平成23年第２回,9,23,5,13,臨時,平成23年第２回臨時会05月13日-01号,,,,,58番　　中村裕之君,NULL,NULL,NULL
230513_200,北海道,平成23年第２回,9,23,5,13,臨時,平成23年第２回臨時会05月13日-01号,,,,,59番　　藤沢澄雄君,NULL,NULL,NULL
230513_201,北海道,平成23年第２回,9,23,5,13,臨時,平成23年第２回臨時会05月13日-01号,,,,,60番　　村田憲俊君,NULL,NULL,NULL
230513_202,北海道,平成23年第２回,9,23,5,13,臨時,平成23年第２回臨時会05月13日-01号,,,,,61番　　吉田正人君,NULL,NULL,NULL
230513_203,北海道,平成23年第２回,9,23,5,13,臨時,平成23年第２回臨時会05月13日-01号,,,,,62番　　岩本剛人君,NULL,NULL,NULL
230513_204,北海道,平成23年第２回,9,23,5,13,臨時,平成23年第２回臨時会05月13日-01号,,,,,63番　　遠藤　連君,NULL,NULL,NULL
230513_205,北海道,平成23年第２回,9,23,5,13,臨時,平成23年第２回臨時会05月13日-01号,,,,,64番　　大谷　亨君,NULL,NULL,NULL
230513_206,北海道,平成23年第２回,9,23,5,13,臨時,平成23年第２回臨時会05月13日-01号,,,,,65番　　高橋　亨君,NULL,NULL,NULL
230513_207,北海道,平成23年第２回,9,23,5,13,臨時,平成23年第２回臨時会05月13日-01号,,,,,66番　　田村龍治君,NULL,NULL,NULL
230513_208,北海道,平成23年第２回,9,23,5,13,臨時,平成23年第２回臨時会05月13日-01号,,,,,67番　　長尾信秀君,NULL,NULL,NULL
230513_209,北海道,平成23年第２回,9,23,5,13,臨時,平成23年第２回臨時会05月13日-01号,,,,,68番　　福原賢孝君,NULL,NULL,NULL
230513_210,北海道,平成23年第２回,9,23,5,13,臨時,平成23年第２回臨時会05月13日-01号,,,,,69番　　池本柳次君,NULL,NULL,NULL
230513_211,北海道,平成23年第２回,9,23,5,13,臨時,平成23年第２回臨時会05月13日-01号,,,,,70番　　岡田　篤君,NULL,NULL,NULL
230513_212,北海道,平成23年第２回,9,23,5,13,臨時,平成23年第２回臨時会05月13日-01号,,,,,71番　　木村峰行君,NULL,NULL,NULL
230513_213,北海道,平成23年第２回,9,23,5,13,臨時,平成23年第２回臨時会05月13日-01号,,,,,72番　　日下太朗君,NULL,NULL,NULL
230513_214,北海道,平成23年第２回,9,23,5,13,臨時,平成23年第２回臨時会05月13日-01号,,,,,73番　　久保雅司君,NULL,NULL,NULL
230513_215,北海道,平成23年第２回,9,23,5,13,臨時,平成23年第２回臨時会05月13日-01号,,,,,74番　　戸田芳美君,NULL,NULL,NULL
230513_216,北海道,平成23年第２回,9,23,5,13,臨時,平成23年第２回臨時会05月13日-01号,,,,,75番　　大河昭彦君,NULL,NULL,NULL
230513_217,北海道,平成23年第２回,9,23,5,13,臨時,平成23年第２回臨時会05月13日-01号,,,,,76番　　織田展嘉君,NULL,NULL,NULL
230513_218,北海道,平成23年第２回,9,23,5,13,臨時,平成23年第２回臨時会05月13日-01号,,,,,77番　　金岩武吉君,NULL,NULL,NULL
230513_219,北海道,平成23年第２回,9,23,5,13,臨時,平成23年第２回臨時会05月13日-01号,,,,,78番　　森　成之君,NULL,NULL,NULL
230513_220,北海道,平成23年第２回,9,23,5,13,臨時,平成23年第２回臨時会05月13日-01号,,,,,79番　　佐藤英道君,NULL,NULL,NULL
230513_221,北海道,平成23年第２回,9,23,5,13,臨時,平成23年第２回臨時会05月13日-01号,,,,,80番　　斉藤　博君,NULL,NULL,NULL
230513_222,北海道,平成23年第２回,9,23,5,13,臨時,平成23年第２回臨時会05月13日-01号,,,,,81番　　佐々木恵美子君,NULL,NULL,NULL
230513_223,北海道,平成23年第２回,9,23,5,13,臨時,平成23年第２回臨時会05月13日-01号,,,,,82番　　三井あき子君,NULL,NULL,NULL
230513_224,北海道,平成23年第２回,9,23,5,13,臨時,平成23年第２回臨時会05月13日-01号,,,,,83番　　滝口信喜君,NULL,NULL,NULL
230513_225,北海道,平成23年第２回,9,23,5,13,臨時,平成23年第２回臨時会05月13日-01号,,,,,84番　　林　大記君,NULL,NULL,NULL
230513_226,北海道,平成23年第２回,9,23,5,13,臨時,平成23年第２回臨時会05月13日-01号,,,,,85番　　星野高志君,NULL,NULL,NULL
230513_227,北海道,平成23年第２回,9,23,5,13,臨時,平成23年第２回臨時会05月13日-01号,,,,,86番　　三津丈夫君,NULL,NULL,NULL
230513_228,北海道,平成23年第２回,9,23,5,13,臨時,平成23年第２回臨時会05月13日-01号,,,,,87番　　伊藤政信君,NULL,NULL,NULL
230513_229,北海道,平成23年第２回,9,23,5,13,臨時,平成23年第２回臨時会05月13日-01号,,,,,88番　　段坂繁美君,NULL,NULL,NULL
230513_230,北海道,平成23年第２回,9,23,5,13,臨時,平成23年第２回臨時会05月13日-01号,,,,,89番　　平出陽子君,NULL,NULL,NULL
230513_231,北海道,平成23年第２回,9,23,5,13,臨時,平成23年第２回臨時会05月13日-01号,,,,,90番　　柿木克弘君,NULL,NULL,NULL
230513_232,北海道,平成23年第２回,9,23,5,13,臨時,平成23年第２回臨時会05月13日-01号,,,,,91番　　布川義治君,NULL,NULL,NULL
230513_233,北海道,平成23年第２回,9,23,5,13,臨時,平成23年第２回臨時会05月13日-01号,,,,,92番　　加藤礼一君,NULL,NULL,NULL
230513_234,北海道,平成23年第２回,9,23,5,13,臨時,平成23年第２回臨時会05月13日-01号,,,,,93番　　喜多龍一君,NULL,NULL,NULL
230513_235,北海道,平成23年第２回,9,23,5,13,臨時,平成23年第２回臨時会05月13日-01号,,,,,95番　　竹内英順君,NULL,NULL,NULL
230513_236,北海道,平成23年第２回,9,23,5,13,臨時,平成23年第２回臨時会05月13日-01号,,,,,96番　　船橋利実君,NULL,NULL,NULL
230513_237,北海道,平成23年第２回,9,23,5,13,臨時,平成23年第２回臨時会05月13日-01号,,,,,97番　　本間　勲君,NULL,NULL,NULL
230513_238,北海道,平成23年第２回,9,23,5,13,臨時,平成23年第２回臨時会05月13日-01号,,,,,98番　　丸岩公充君,NULL,NULL,NULL
230513_239,北海道,平成23年第２回,9,23,5,13,臨時,平成23年第２回臨時会05月13日-01号,,,,,99番　　伊藤条一君,NULL,NULL,NULL
230513_240,北海道,平成23年第２回,9,23,5,13,臨時,平成23年第２回臨時会05月13日-01号,,,,,100番　　川尻秀之君,NULL,NULL,NULL
230513_241,北海道,平成23年第２回,9,23,5,13,臨時,平成23年第２回臨時会05月13日-01号,,,,,101番　　釣部　勲君,NULL,NULL,NULL
230513_242,北海道,平成23年第２回,9,23,5,13,臨時,平成23年第２回臨時会05月13日-01号,,,,,102番　　神戸典臣君,NULL,NULL,NULL
230513_243,北海道,平成23年第２回,9,23,5,13,臨時,平成23年第２回臨時会05月13日-01号,,,,,103番　　高橋文明君,NULL,NULL,NULL
230513_244,北海道,平成23年第２回,9,23,5,13,臨時,平成23年第２回臨時会05月13日-01号,,,,,104番　　和田敬友君,NULL,NULL,NULL
230513_245,北海道,平成23年第２回,9,23,5,13,臨時,平成23年第２回臨時会05月13日-01号,,,,,─────────────────────────────────,NULL,NULL,NULL
230513_246,北海道,平成23年第２回,9,23,5,13,臨時,平成23年第２回臨時会05月13日-01号,,,,,出席説明員,NULL,NULL,NULL
230513_247,北海道,平成23年第２回,9,23,5,13,臨時,平成23年第２回臨時会05月13日-01号,,,,,知事　　　　　　　　高橋はるみ君,NULL,NULL,NULL
230513_248,北海道,平成23年第２回,9,23,5,13,臨時,平成23年第２回臨時会05月13日-01号,,,,,副知事　　　　　　　高井　修君,NULL,NULL,NULL
230513_249,北海道,平成23年第２回,9,23,5,13,臨時,平成23年第２回臨時会05月13日-01号,,,,,同　　　　　　　　　高原陽二君,NULL,NULL,NULL
230513_250,北海道,平成23年第２回,9,23,5,13,臨時,平成23年第２回臨時会05月13日-01号,,,,,同　　　　　　　　　多田健一郎君,NULL,NULL,NULL
230513_251,北海道,平成23年第２回,9,23,5,13,臨時,平成23年第２回臨時会05月13日-01号,,,,,公営企業管理者　　　武内良雄君,NULL,NULL,NULL
230513_252,北海道,平成23年第２回,9,23,5,13,臨時,平成23年第２回臨時会05月13日-01号,,,,,総務部長　　　　　　立川　宏君,NULL,NULL,NULL
230513_253,北海道,平成23年第２回,9,23,5,13,臨時,平成23年第２回臨時会05月13日-01号,,,,,危機管理監　　　　　佐藤雅彰君,NULL,NULL,NULL
230513_254,北海道,平成23年第２回,9,23,5,13,臨時,平成23年第２回臨時会05月13日-01号,,,,,総合政策部長　　　　成田一憲君,NULL,NULL,NULL
230513_255,北海道,平成23年第２回,9,23,5,13,臨時,平成23年第２回臨時会05月13日-01号,,,,,総合政策部　　　　　山谷吉宏君,NULL,NULL,NULL
230513_256,北海道,平成23年第２回,9,23,5,13,臨時,平成23年第２回臨時会05月13日-01号,,,,,地域振興監,NULL,NULL,NULL
230513_257,北海道,平成23年第２回,9,23,5,13,臨時,平成23年第２回臨時会05月13日-01号,,,,,環境生活部長　　　　田中正巳君,NULL,NULL,NULL
230513_258,北海道,平成23年第２回,9,23,5,13,臨時,平成23年第２回臨時会05月13日-01号,,,,,保健福祉部長　　　　高橋幸雄君,NULL,NULL,NULL
230513_259,北海道,平成23年第２回,9,23,5,13,臨時,平成23年第２回臨時会05月13日-01号,,,,,経済部長　　　　　　坂口　収君,NULL,NULL,NULL
230513_260,北海道,平成23年第２回,9,23,5,13,臨時,平成23年第２回臨時会05月13日-01号,,,,,経済部観光振興監　　中岡正憲君,NULL,NULL,NULL
230513_261,北海道,平成23年第２回,9,23,5,13,臨時,平成23年第２回臨時会05月13日-01号,,,,,農政部長　　　　　　東　修二君,NULL,NULL,NULL
230513_262,北海道,平成23年第２回,9,23,5,13,臨時,平成23年第２回臨時会05月13日-01号,,,,,農政部　　　　　　　坂井秀利君,NULL,NULL,NULL
230513_263,北海道,平成23年第２回,9,23,5,13,臨時,平成23年第２回臨時会05月13日-01号,,,,,食の安全推進監,NULL,NULL,NULL
230513_264,北海道,平成23年第２回,9,23,5,13,臨時,平成23年第２回臨時会05月13日-01号,,,,,水産林務部長　　　　野呂田隆史君,NULL,NULL,NULL
230513_265,北海道,平成23年第２回,9,23,5,13,臨時,平成23年第２回臨時会05月13日-01号,,,,,建設部長　　　　　　宮木康二君,NULL,NULL,NULL
230513_266,北海道,平成23年第２回,9,23,5,13,臨時,平成23年第２回臨時会05月13日-01号,,,,,会計管理者　　　　　大橋康博君,NULL,NULL,NULL
230513_267,北海道,平成23年第２回,9,23,5,13,臨時,平成23年第２回臨時会05月13日-01号,,,,,兼出納局長,NULL,NULL,NULL
230513_268,北海道,平成23年第２回,9,23,5,13,臨時,平成23年第２回臨時会05月13日-01号,,,,,企業局長　　　　　　畑　秀叔君,NULL,NULL,NULL
230513_269,北海道,平成23年第２回,9,23,5,13,臨時,平成23年第２回臨時会05月13日-01号,,,,,財政局長　　　　　　戸沢孝一君,NULL,NULL,NULL
230513_270,北海道,平成23年第２回,9,23,5,13,臨時,平成23年第２回臨時会05月13日-01号,,,,,財政企画担当局長　　志田文毅君,NULL,NULL,NULL
230513_271,北海道,平成23年第２回,9,23,5,13,臨時,平成23年第２回臨時会05月13日-01号,,,,,兼財政課長,NULL,NULL,NULL
230513_272,北海道,平成23年第２回,9,23,5,13,臨時,平成23年第２回臨時会05月13日-01号,,,,,秘書課長　　　　　　飛田康彦君,NULL,NULL,NULL
230513_273,北海道,平成23年第２回,9,23,5,13,臨時,平成23年第２回臨時会05月13日-01号,,,,,─────────────────────────────────,NULL,NULL,NULL
230513_274,北海道,平成23年第２回,9,23,5,13,臨時,平成23年第２回臨時会05月13日-01号,,,,,教育長　　　　　　　高橋教一君,NULL,NULL,NULL
230513_275,北海道,平成23年第２回,9,23,5,13,臨時,平成23年第２回臨時会05月13日-01号,,,,,教育次長　　　　　　江崎典宏君,NULL,NULL,NULL
230513_276,北海道,平成23年第２回,9,23,5,13,臨時,平成23年第２回臨時会05月13日-01号,,,,,教育次長　　　　　　倉島　宏君,NULL,NULL,NULL
230513_277,北海道,平成23年第２回,9,23,5,13,臨時,平成23年第２回臨時会05月13日-01号,,,,,兼教育職員監,NULL,NULL,NULL
230513_278,北海道,平成23年第２回,9,23,5,13,臨時,平成23年第２回臨時会05月13日-01号,,,,,総務課長　　　　　　杉本昭則君,NULL,NULL,NULL
230513_279,北海道,平成23年第２回,9,23,5,13,臨時,平成23年第２回臨時会05月13日-01号,,,,,─────────────────────────────────,NULL,NULL,NULL
230513_280,北海道,平成23年第２回,9,23,5,13,臨時,平成23年第２回臨時会05月13日-01号,,,,,選挙管理委員会　　　岩間久哉君,NULL,NULL,NULL
230513_281,北海道,平成23年第２回,9,23,5,13,臨時,平成23年第２回臨時会05月13日-01号,,,,,事務局長,NULL,NULL,NULL
230513_282,北海道,平成23年第２回,9,23,5,13,臨時,平成23年第２回臨時会05月13日-01号,,,,,─────────────────────────────────,NULL,NULL,NULL
230513_283,北海道,平成23年第２回,9,23,5,13,臨時,平成23年第２回臨時会05月13日-01号,,,,,人事委員会　　　　　伊東和紀君,NULL,NULL,NULL
230513_284,北海道,平成23年第２回,9,23,5,13,臨時,平成23年第２回臨時会05月13日-01号,,,,,事務局長,NULL,NULL,NULL
230513_285,北海道,平成23年第２回,9,23,5,13,臨時,平成23年第２回臨時会05月13日-01号,,,,,─────────────────────────────────,NULL,NULL,NULL
230513_286,北海道,平成23年第２回,9,23,5,13,臨時,平成23年第２回臨時会05月13日-01号,,,,,警察本部長　　　　　殿川一郎君,NULL,NULL,NULL
230513_287,北海道,平成23年第２回,9,23,5,13,臨時,平成23年第２回臨時会05月13日-01号,,,,,総務部長　　　　　　政田卓三君,NULL,NULL,NULL
230513_288,北海道,平成23年第２回,9,23,5,13,臨時,平成23年第２回臨時会05月13日-01号,,,,,総務部参事官　　　　小西伸一君,NULL,NULL,NULL
230513_289,北海道,平成23年第２回,9,23,5,13,臨時,平成23年第２回臨時会05月13日-01号,,,,,兼総務課長,NULL,NULL,NULL
230513_290,北海道,平成23年第２回,9,23,5,13,臨時,平成23年第２回臨時会05月13日-01号,,,,,─────────────────────────────────,NULL,NULL,NULL
230513_291,北海道,平成23年第２回,9,23,5,13,臨時,平成23年第２回臨時会05月13日-01号,,,,,労働委員会　　　　　磯田憲和君,NULL,NULL,NULL
230513_292,北海道,平成23年第２回,9,23,5,13,臨時,平成23年第２回臨時会05月13日-01号,,,,,事務局長,NULL,NULL,NULL
230513_293,北海道,平成23年第２回,9,23,5,13,臨時,平成23年第２回臨時会05月13日-01号,,,,,─────────────────────────────────,NULL,NULL,NULL
230513_294,北海道,平成23年第２回,9,23,5,13,臨時,平成23年第２回臨時会05月13日-01号,,,,,代表監査委員　　　　坂本人士君,NULL,NULL,NULL
230513_295,北海道,平成23年第２回,9,23,5,13,臨時,平成23年第２回臨時会05月13日-01号,,,,,監査委員事務局長　　前川克彦君,NULL,NULL,NULL
230513_296,北海道,平成23年第２回,9,23,5,13,臨時,平成23年第２回臨時会05月13日-01号,,,,,─────────────────────────────────,NULL,NULL,NULL
230513_297,北海道,平成23年第２回,9,23,5,13,臨時,平成23年第２回臨時会05月13日-01号,,,,,収用委員会　　　　　沼崎　至君,NULL,NULL,NULL
230513_298,北海道,平成23年第２回,9,23,5,13,臨時,平成23年第２回臨時会05月13日-01号,,,,,事務局長,NULL,NULL,NULL
230513_299,北海道,平成23年第２回,9,23,5,13,臨時,平成23年第２回臨時会05月13日-01号,,,,,─────────────────────────────────,NULL,NULL,NULL
230513_300,北海道,平成23年第２回,9,23,5,13,臨時,平成23年第２回臨時会05月13日-01号,,,,,議会事務局職員出席者,NULL,NULL,NULL
230513_301,北海道,平成23年第２回,9,23,5,13,臨時,平成23年第２回臨時会05月13日-01号,,,,,事務局長　　　　　　谷本辰美君,NULL,NULL,NULL
230513_302,北海道,平成23年第２回,9,23,5,13,臨時,平成23年第２回臨時会05月13日-01号,,,,,議事課長　　　　　　赤石剛司君,NULL,NULL,NULL
230513_303,北海道,平成23年第２回,9,23,5,13,臨時,平成23年第２回臨時会05月13日-01号,,,,,議事課主幹　　　　　高間　亨君,NULL,NULL,NULL
230513_304,北海道,平成23年第２回,9,23,5,13,臨時,平成23年第２回臨時会05月13日-01号,,,,,議事課主査　　　　　松井直樹君,NULL,NULL,NULL
230513_305,北海道,平成23年第２回,9,23,5,13,臨時,平成23年第２回臨時会05月13日-01号,,,,,議事課主任　　　　　松村伸彦君,NULL,NULL,NULL
230513_306,北海道,平成23年第２回,9,23,5,13,臨時,平成23年第２回臨時会05月13日-01号,,,,,同　　　　　　　　　松本行弘君,NULL,NULL,NULL
230513_307,北海道,平成23年第２回,9,23,5,13,臨時,平成23年第２回臨時会05月13日-01号,,,,,─────────────────────────────────,NULL,NULL,NULL
230513_308,北海道,平成23年第２回,9,23,5,13,臨時,平成23年第２回臨時会05月13日-01号,議会事務局長谷本辰美君,その他,谷本辰美,議会事務局長,今議会は、一般選挙後に行われる最初の議会でございますので、議長が選任されるまでの間、地方自治法第107条の規定によりまして、年長の議員が臨時に議長の職務を行うことになっております。,NULL,NULL,NULL
230513_309,北海道,平成23年第２回,9,23,5,13,臨時,平成23年第２回臨時会05月13日-01号,議会事務局長谷本辰美君,その他,谷本辰美,議会事務局長,出席議員中、工藤敏郎議員が年長者でございますので、御紹介申し上げます。（拍手）,NULL,NULL,NULL
230513_310,北海道,平成23年第２回,9,23,5,13,臨時,平成23年第２回臨時会05月13日-01号,議会事務局長谷本辰美君,その他,谷本辰美,議会事務局長,△１．臨時議長のあいさつ,NULL,NULL,NULL
230513_311,北海道,平成23年第２回,9,23,5,13,臨時,平成23年第２回臨時会05月13日-01号,臨時議長工藤敏郎君,議長,工藤敏郎,臨時議長,（登壇・拍手）（発言する者あり）ただいま御紹介いただきました工藤敏郎でございます。,NULL,NULL,NULL
230513_312,北海道,平成23年第２回,9,23,5,13,臨時,平成23年第２回臨時会05月13日-01号,臨時議長工藤敏郎君,議長,工藤敏郎,臨時議長,議長が選挙されるまでの間、臨時に議長の職務を行います。,NULL,NULL,NULL
230513_313,北海道,平成23年第２回,9,23,5,13,臨時,平成23年第２回臨時会05月13日-01号,臨時議長工藤敏郎君,議長,工藤敏郎,臨時議長,何とぞよろしくお願いをいたします。,NULL,NULL,NULL
230513_314,北海道,平成23年第２回,9,23,5,13,臨時,平成23年第２回臨時会05月13日-01号,臨時議長工藤敏郎君,議長,工藤敏郎,臨時議長,（拍手）。,NULL,NULL,NULL
230513_315,北海道,平成23年第２回,9,23,5,13,臨時,平成23年第２回臨時会05月13日-01号,臨時議長工藤敏郎君,議長,工藤敏郎,臨時議長,〔臨時議長着席〕,NULL,NULL,NULL
230513_316,北海道,平成23年第２回,9,23,5,13,臨時,平成23年第２回臨時会05月13日-01号,臨時議長工藤敏郎君,議長,工藤敏郎,臨時議長,─────────────────────────────────,NULL,NULL,NULL
230513_317,北海道,平成23年第２回,9,23,5,13,臨時,平成23年第２回臨時会05月13日-01号,臨時議長工藤敏郎君,議長,工藤敏郎,臨時議長,午前10時７分開会,NULL,NULL,NULL
230513_318,北海道,平成23年第２回,9,23,5,13,臨時,平成23年第２回臨時会05月13日-01号,臨時議長工藤敏郎君,議長,工藤敏郎,臨時議長,△１．開会,NULL,NULL,NULL
230513_319,北海道,平成23年第２回,9,23,5,13,臨時,平成23年第２回臨時会05月13日-01号,臨時議長工藤敏郎君,議長,工藤敏郎,臨時議長,これより、本日をもって招集されました平成23年第２回臨時会を開会いたします。,NULL,NULL,NULL
230513_320,北海道,平成23年第２回,9,23,5,13,臨時,平成23年第２回臨時会05月13日-01号,臨時議長工藤敏郎君,議長,工藤敏郎,臨時議長,知事から、改選後最初の議会に当たり、特に発言を求められておりますので、この際、これを許します。,NULL,NULL,NULL
230513_321,北海道,平成23年第２回,9,23,5,13,臨時,平成23年第２回臨時会05月13日-01号,臨時議長工藤敏郎君,議長,工藤敏郎,臨時議長,知事高橋はるみ君。,NULL,NULL,NULL
230513_322,北海道,平成23年第２回,9,23,5,13,臨時,平成23年第２回臨時会05月13日-01号,臨時議長工藤敏郎君,議長,工藤敏郎,臨時議長,△１．知事のあいさつ,NULL,NULL,NULL
230513_323,北海道,平成23年第２回,9,23,5,13,臨時,平成23年第２回臨時会05月13日-01号,知事高橋はるみ君,知事,高橋はるみ,知事,（登壇・拍手）平成23年第２回北海道議会臨時会の開会に当たり、道議会議員の皆様方に一言ごあいさつを申し上げます。,NULL,NULL,NULL
230513_324,北海道,平成23年第２回,9,23,5,13,臨時,平成23年第２回臨時会05月13日-01号,知事高橋はるみ君,知事,高橋はるみ,知事,皆様方には、道民の皆様方の大きな期待と信頼を集められ、御当選の栄誉をかち取られましたことに、心からお祝いを申し上げる次第であります。,NULL,NULL,NULL
230513_325,北海道,平成23年第２回,9,23,5,13,臨時,平成23年第２回臨時会05月13日-01号,知事高橋はるみ君,知事,高橋はるみ,知事,私自身もまた、多くの道民の皆様方の御支持をいただき、引き続き、道政執行の重責を担うことになったところであります。,NULL,NULL,NULL
230513_326,北海道,平成23年第２回,9,23,5,13,臨時,平成23年第２回臨時会05月13日-01号,知事高橋はるみ君,知事,高橋はるみ,知事,改めて、課せられた使命と責任の重さに身の引き締まる思いをいたしているところでございます。,NULL,NULL,NULL
230513_327,北海道,平成23年第２回,9,23,5,13,臨時,平成23年第２回臨時会05月13日-01号,知事高橋はるみ君,知事,高橋はるみ,知事,今、東日本大震災という未曾有の事態により、我が国の経済社会を大きく揺るがす危機的状況に直面し、国を挙げて復興に向けた取り組みが進められているところであります。,NULL,NULL,NULL
230513_328,北海道,平成23年第２回,9,23,5,13,臨時,平成23年第２回臨時会05月13日-01号,知事高橋はるみ君,知事,高橋はるみ,知事,本道におきましても、漁港や養殖施設などに大きな被害がありましたほか、海外観光客の急激な減少など、暮らしや経済にさまざまな影響が生じているところであり、道といたしましては、被災地の復旧、復興はもとより、道内経済対策などに全力で取り組んでいるところであります。,NULL,NULL,NULL
230513_329,北海道,平成23年第２回,9,23,5,13,臨時,平成23年第２回臨時会05月13日-01号,知事高橋はるみ君,知事,高橋はるみ,知事,また、広大な土地、冷涼な気候、高い食料供給力といった特性を有する本道は、東北の被災地復興や、我が国全体の危機対応にも大きく貢献することが可能であると考えております。,NULL,NULL,NULL
230513_330,北海道,平成23年第２回,9,23,5,13,臨時,平成23年第２回臨時会05月13日-01号,知事高橋はるみ君,知事,高橋はるみ,知事,私は、このような困難に直面する今、目の前の危機をしっかりと乗り越え、一層のスピード感と、前例にとらわれない新しい発想により、攻めの姿勢を大切に、その先にある未来に向けた確かな道筋を開いていく決意であります。,NULL,NULL,NULL
230513_331,北海道,平成23年第２回,9,23,5,13,臨時,平成23年第２回臨時会05月13日-01号,知事高橋はるみ君,知事,高橋はるみ,知事,議員の皆様方におかれましては、今後とも、道政の推進に当たり、特段の御理解と御協力を賜りますよう心からお願いを申し上げ、ごあいさつとさせていただきます。（拍手）,NULL,NULL,NULL
230513_332,北海道,平成23年第２回,9,23,5,13,臨時,平成23年第２回臨時会05月13日-01号,臨時議長工藤敏郎君,議長,工藤敏郎,臨時議長,これより本日の会議を開きます。,NULL,NULL,NULL
230513_333,北海道,平成23年第２回,9,23,5,13,臨時,平成23年第２回臨時会05月13日-01号,臨時議長工藤敏郎君,議長,工藤敏郎,臨時議長,△１．日程第１、議席の指定,NULL,NULL,NULL
230513_334,北海道,平成23年第２回,9,23,5,13,臨時,平成23年第２回臨時会05月13日-01号,臨時議長工藤敏郎君,議長,工藤敏郎,臨時議長,日程第１、議席の指定を行います。,NULL,NULL,NULL
230513_335,北海道,平成23年第２回,9,23,5,13,臨時,平成23年第２回臨時会05月13日-01号,臨時議長工藤敏郎君,議長,工藤敏郎,臨時議長,議席は、会議規則第４条第１項の規定により、お手元に配付の議席表のとおり指定いたします。,NULL,NULL,NULL
230513_336,北海道,平成23年第２回,9,23,5,13,臨時,平成23年第２回臨時会05月13日-01号,臨時議長工藤敏郎君,議長,工藤敏郎,臨時議長,─────────────────────────────────,NULL,NULL,NULL
230513_337,北海道,平成23年第２回,9,23,5,13,臨時,平成23年第２回臨時会05月13日-01号,臨時議長工藤敏郎君,議長,工藤敏郎,臨時議長,（上の北海道議会議席表は巻末議席表に掲載する）,NULL,NULL,NULL
230513_338,北海道,平成23年第２回,9,23,5,13,臨時,平成23年第２回臨時会05月13日-01号,臨時議長工藤敏郎君,議長,工藤敏郎,臨時議長,─────────────────────────────────,NULL,NULL,NULL
230513_339,北海道,平成23年第２回,9,23,5,13,臨時,平成23年第２回臨時会05月13日-01号,臨時議長工藤敏郎君,議長,工藤敏郎,臨時議長,△１．日程第２、会議録署名議員の指定,NULL,NULL,NULL
230513_340,北海道,平成23年第２回,9,23,5,13,臨時,平成23年第２回臨時会05月13日-01号,臨時議長工藤敏郎君,議長,工藤敏郎,臨時議長,日程第２、会議録署名議員の指定を行います。,NULL,NULL,NULL
230513_341,北海道,平成23年第２回,9,23,5,13,臨時,平成23年第２回臨時会05月13日-01号,臨時議長工藤敏郎君,議長,工藤敏郎,臨時議長,会議録署名議員には、会議規則第124条の規定により、,NULL,NULL,NULL
230513_342,北海道,平成23年第２回,9,23,5,13,臨時,平成23年第２回臨時会05月13日-01号,臨時議長工藤敏郎君,議長,工藤敏郎,臨時議長,川畑　悟君,NULL,NULL,NULL
230513_343,北海道,平成23年第２回,9,23,5,13,臨時,平成23年第２回臨時会05月13日-01号,臨時議長工藤敏郎君,議長,工藤敏郎,臨時議長,鳥越良孝君,NULL,NULL,NULL
230513_344,北海道,平成23年第２回,9,23,5,13,臨時,平成23年第２回臨時会05月13日-01号,臨時議長工藤敏郎君,議長,工藤敏郎,臨時議長,荒当聖吾君,NULL,NULL,NULL
230513_345,北海道,平成23年第２回,9,23,5,13,臨時,平成23年第２回臨時会05月13日-01号,臨時議長工藤敏郎君,議長,工藤敏郎,臨時議長,沖田清志君,NULL,NULL,NULL
230513_346,北海道,平成23年第２回,9,23,5,13,臨時,平成23年第２回臨時会05月13日-01号,臨時議長工藤敏郎君,議長,工藤敏郎,臨時議長,笹田　浩君,NULL,NULL,NULL
230513_347,北海道,平成23年第２回,9,23,5,13,臨時,平成23年第２回臨時会05月13日-01号,臨時議長工藤敏郎君,議長,工藤敏郎,臨時議長,松山丈史君,NULL,NULL,NULL
230513_348,北海道,平成23年第２回,9,23,5,13,臨時,平成23年第２回臨時会05月13日-01号,臨時議長工藤敏郎君,議長,工藤敏郎,臨時議長,向井昭彦君,NULL,NULL,NULL
230513_349,北海道,平成23年第２回,9,23,5,13,臨時,平成23年第２回臨時会05月13日-01号,臨時議長工藤敏郎君,議長,工藤敏郎,臨時議長,梅尾要一君,NULL,NULL,NULL
230513_350,北海道,平成23年第２回,9,23,5,13,臨時,平成23年第２回臨時会05月13日-01号,臨時議長工藤敏郎君,議長,工藤敏郎,臨時議長,笠井龍司君,NULL,NULL,NULL
230513_351,北海道,平成23年第２回,9,23,5,13,臨時,平成23年第２回臨時会05月13日-01号,臨時議長工藤敏郎君,議長,工藤敏郎,臨時議長,佐藤禎洋君,NULL,NULL,NULL
230513_352,北海道,平成23年第２回,9,23,5,13,臨時,平成23年第２回臨時会05月13日-01号,臨時議長工藤敏郎君,議長,工藤敏郎,臨時議長,中野秀敏君,NULL,NULL,NULL
230513_353,北海道,平成23年第２回,9,23,5,13,臨時,平成23年第２回臨時会05月13日-01号,臨時議長工藤敏郎君,議長,工藤敏郎,臨時議長,野原　薫君,NULL,NULL,NULL
230513_354,北海道,平成23年第２回,9,23,5,13,臨時,平成23年第２回臨時会05月13日-01号,臨時議長工藤敏郎君,議長,工藤敏郎,臨時議長,以上、12人の諸君を指定いたします。,NULL,NULL,NULL
230513_355,北海道,平成23年第２回,9,23,5,13,臨時,平成23年第２回臨時会05月13日-01号,臨時議長工藤敏郎君,議長,工藤敏郎,臨時議長,△１．諸般の報告,NULL,NULL,NULL
230513_356,北海道,平成23年第２回,9,23,5,13,臨時,平成23年第２回臨時会05月13日-01号,臨時議長工藤敏郎君,議長,工藤敏郎,臨時議長,諸般の報告をさせます。,NULL,NULL,NULL
230513_357,北海道,平成23年第２回,9,23,5,13,臨時,平成23年第２回臨時会05月13日-01号,臨時議長工藤敏郎君,議長,工藤敏郎,臨時議長,─────────────────────────────────,NULL,NULL,NULL
230513_358,北海道,平成23年第２回,9,23,5,13,臨時,平成23年第２回臨時会05月13日-01号,臨時議長工藤敏郎君,議長,工藤敏郎,臨時議長,〔赤石議事課長朗読〕,NULL,NULL,NULL
230513_359,北海道,平成23年第２回,9,23,5,13,臨時,平成23年第２回臨時会05月13日-01号,臨時議長工藤敏郎君,議長,工藤敏郎,臨時議長,１．知事から、議案第１号及び報告第１号の提出がありました。,NULL,NULL,NULL
230513_360,北海道,平成23年第２回,9,23,5,13,臨時,平成23年第２回臨時会05月13日-01号,臨時議長工藤敏郎君,議長,工藤敏郎,臨時議長,─────────────────────────────────,NULL,NULL,NULL
230513_361,北海道,平成23年第２回,9,23,5,13,臨時,平成23年第２回臨時会05月13日-01号,臨時議長工藤敏郎君,議長,工藤敏郎,臨時議長,議案第１号　工事請負契約の締結に関する件,NULL,NULL,NULL
230513_362,北海道,平成23年第２回,9,23,5,13,臨時,平成23年第２回臨時会05月13日-01号,臨時議長工藤敏郎君,議長,工藤敏郎,臨時議長,報告第１号　専決処分報告の件,NULL,NULL,NULL
230513_363,北海道,平成23年第２回,9,23,5,13,臨時,平成23年第２回臨時会05月13日-01号,臨時議長工藤敏郎君,議長,工藤敏郎,臨時議長,（上の議案及び報告は巻末議案の部に掲載する）,NULL,NULL,NULL
230513_364,北海道,平成23年第２回,9,23,5,13,臨時,平成23年第２回臨時会05月13日-01号,臨時議長工藤敏郎君,議長,工藤敏郎,臨時議長,─────────────────────────────────,NULL,NULL,NULL
230513_365,北海道,平成23年第２回,9,23,5,13,臨時,平成23年第２回臨時会05月13日-01号,臨時議長工藤敏郎君,議長,工藤敏郎,臨時議長,１．各関係執行機関の長から、説明員の委任について通知がありました。,NULL,NULL,NULL
230513_366,北海道,平成23年第２回,9,23,5,13,臨時,平成23年第２回臨時会05月13日-01号,臨時議長工藤敏郎君,議長,工藤敏郎,臨時議長,（上の説明員の委任通知は巻末その他に掲載する）,NULL,NULL,NULL
230513_367,北海道,平成23年第２回,9,23,5,13,臨時,平成23年第２回臨時会05月13日-01号,臨時議長工藤敏郎君,議長,工藤敏郎,臨時議長,─────────────────────────────────,NULL,NULL,NULL
230513_368,北海道,平成23年第２回,9,23,5,13,臨時,平成23年第２回臨時会05月13日-01号,臨時議長工藤敏郎君,議長,工藤敏郎,臨時議長,１．監査委員から、例月出納検査の結果について報告がありました。,NULL,NULL,NULL
230513_369,北海道,平成23年第２回,9,23,5,13,臨時,平成23年第２回臨時会05月13日-01号,臨時議長工藤敏郎君,議長,工藤敏郎,臨時議長,─────────────────────────────────,NULL,NULL,NULL
230513_370,北海道,平成23年第２回,9,23,5,13,臨時,平成23年第２回臨時会05月13日-01号,臨時議長工藤敏郎君,議長,工藤敏郎,臨時議長,１．本日の会議録署名議員は、,NULL,NULL,NULL
230513_371,北海道,平成23年第２回,9,23,5,13,臨時,平成23年第２回臨時会05月13日-01号,臨時議長工藤敏郎君,議長,工藤敏郎,臨時議長,川畑　悟議員,NULL,NULL,NULL
230513_372,北海道,平成23年第２回,9,23,5,13,臨時,平成23年第２回臨時会05月13日-01号,臨時議長工藤敏郎君,議長,工藤敏郎,臨時議長,鳥越良孝議員,NULL,NULL,NULL
230513_373,北海道,平成23年第２回,9,23,5,13,臨時,平成23年第２回臨時会05月13日-01号,臨時議長工藤敏郎君,議長,工藤敏郎,臨時議長,荒当聖吾議員,NULL,NULL,NULL
230513_374,北海道,平成23年第２回,9,23,5,13,臨時,平成23年第２回臨時会05月13日-01号,臨時議長工藤敏郎君,議長,工藤敏郎,臨時議長,であります。,NULL,NULL,NULL
230513_375,北海道,平成23年第２回,9,23,5,13,臨時,平成23年第２回臨時会05月13日-01号,臨時議長工藤敏郎君,議長,工藤敏郎,臨時議長,─────────────────────────────────,NULL,NULL,NULL
230513_376,北海道,平成23年第２回,9,23,5,13,臨時,平成23年第２回臨時会05月13日-01号,臨時議長工藤敏郎君,議長,工藤敏郎,臨時議長,△１．日程第３、会期決定の件,NULL,NULL,NULL
230513_377,北海道,平成23年第２回,9,23,5,13,臨時,平成23年第２回臨時会05月13日-01号,臨時議長工藤敏郎君,議長,工藤敏郎,臨時議長,日程第３、会期決定の件を議題といたします。,NULL,NULL,NULL
230513_378,北海道,平成23年第２回,9,23,5,13,臨時,平成23年第２回臨時会05月13日-01号,臨時議長工藤敏郎君,議長,工藤敏郎,臨時議長,お諮りいたします。,NULL,NULL,NULL
230513_379,北海道,平成23年第２回,9,23,5,13,臨時,平成23年第２回臨時会05月13日-01号,臨時議長工藤敏郎君,議長,工藤敏郎,臨時議長,今臨時会の会期は、本日から５月19日までの７日間といたしたいと思います。,NULL,NULL,NULL
230513_380,北海道,平成23年第２回,9,23,5,13,臨時,平成23年第２回臨時会05月13日-01号,臨時議長工藤敏郎君,議長,工藤敏郎,臨時議長,これに御異議ありませんか。,NULL,NULL,NULL
230513_381,北海道,平成23年第２回,9,23,5,13,臨時,平成23年第２回臨時会05月13日-01号,臨時議長工藤敏郎君,議長,工藤敏郎,臨時議長,〔「異議なし」と呼ぶ者あり〕,NULL,NULL,NULL
230513_382,北海道,平成23年第２回,9,23,5,13,臨時,平成23年第２回臨時会05月13日-01号,臨時議長工藤敏郎君,議長,工藤敏郎,臨時議長,御異議なしと認めます。,NULL,NULL,NULL
230513_383,北海道,平成23年第２回,9,23,5,13,臨時,平成23年第２回臨時会05月13日-01号,臨時議長工藤敏郎君,議長,工藤敏郎,臨時議長,よって、そのように決定いたしました。,NULL,NULL,NULL
230513_384,北海道,平成23年第２回,9,23,5,13,臨時,平成23年第２回臨時会05月13日-01号,臨時議長工藤敏郎君,議長,工藤敏郎,臨時議長,議事進行の都合により、暫時休憩いたします。,NULL,NULL,NULL
230513_385,北海道,平成23年第２回,9,23,5,13,臨時,平成23年第２回臨時会05月13日-01号,臨時議長工藤敏郎君,議長,工藤敏郎,臨時議長,午前10時13分休憩,NULL,NULL,NULL
230513_386,北海道,平成23年第２回,9,23,5,13,臨時,平成23年第２回臨時会05月13日-01号,臨時議長工藤敏郎君,議長,工藤敏郎,臨時議長,─────────────────────────────────,NULL,NULL,NULL
230513_387,北海道,平成23年第２回,9,23,5,13,臨時,平成23年第２回臨時会05月13日-01号,臨時議長工藤敏郎君,議長,工藤敏郎,臨時議長,午後４時13分開議,NULL,NULL,NULL
230513_388,北海道,平成23年第２回,9,23,5,13,臨時,平成23年第２回臨時会05月13日-01号,臨時議長工藤敏郎君,議長,工藤敏郎,臨時議長,休憩前に引き続き、会議を開きます。,NULL,NULL,NULL
230513_389,北海道,平成23年第２回,9,23,5,13,臨時,平成23年第２回臨時会05月13日-01号,臨時議長工藤敏郎君,議長,工藤敏郎,臨時議長,△１．残余の日程の延期,NULL,NULL,NULL
230513_390,北海道,平成23年第２回,9,23,5,13,臨時,平成23年第２回臨時会05月13日-01号,臨時議長工藤敏郎君,議長,工藤敏郎,臨時議長,お諮りいたします。,NULL,NULL,NULL
230513_391,北海道,平成23年第２回,9,23,5,13,臨時,平成23年第２回臨時会05月13日-01号,臨時議長工藤敏郎君,議長,工藤敏郎,臨時議長,本日の会議は、残余の日程を延期し延会いたしたいと思います。,NULL,NULL,NULL
230513_392,北海道,平成23年第２回,9,23,5,13,臨時,平成23年第２回臨時会05月13日-01号,臨時議長工藤敏郎君,議長,工藤敏郎,臨時議長,これに御異議ありませんか。,NULL,NULL,NULL
230513_393,北海道,平成23年第２回,9,23,5,13,臨時,平成23年第２回臨時会05月13日-01号,臨時議長工藤敏郎君,議長,工藤敏郎,臨時議長,〔「異議なし」と呼ぶ者あり〕,NULL,NULL,NULL
230513_394,北海道,平成23年第２回,9,23,5,13,臨時,平成23年第２回臨時会05月13日-01号,臨時議長工藤敏郎君,議長,工藤敏郎,臨時議長,御異議なしと認めます。,NULL,NULL,NULL
230513_395,北海道,平成23年第２回,9,23,5,13,臨時,平成23年第２回臨時会05月13日-01号,臨時議長工藤敏郎君,議長,工藤敏郎,臨時議長,よって、そのように決定いたしました。,NULL,NULL,NULL
230513_396,北海道,平成23年第２回,9,23,5,13,臨時,平成23年第２回臨時会05月13日-01号,臨時議長工藤敏郎君,議長,工藤敏郎,臨時議長,５月16日の議事日程は当日御通知いたします。,NULL,NULL,NULL
230513_397,北海道,平成23年第２回,9,23,5,13,臨時,平成23年第２回臨時会05月13日-01号,臨時議長工藤敏郎君,議長,工藤敏郎,臨時議長,本日は、これをもって延会いたします。,NULL,NULL,NULL
230513_398,北海道,平成23年第２回,9,23,5,13,臨時,平成23年第２回臨時会05月13日-01号,臨時議長工藤敏郎君,議長,工藤敏郎,臨時議長,午後４時14分延会,NULL,NULL,NULL
